accountId,phoneNumber,url
74605827,+44881405280,https://sandbox.capitalone.co.uk/developer-services-platform-pr/api/data/transactions/accounts/74605827/create
70727774,+44872394265,https://sandbox.capitalone.co.uk/developer-services-platform-pr/api/data/transactions/accounts/70727774/create
64731694,+44874668242,https://sandbox.capitalone.co.uk/developer-services-platform-pr/api/data/transactions/accounts/64731694/create
26735076,+44893660287,https://sandbox.capitalone.co.uk/developer-services-platform-pr/api/data/transactions/accounts/26735076/create
23052860,+44842005582,https://sandbox.capitalone.co.uk/developer-services-platform-pr/api/data/transactions/accounts/23052860/create
30210763,+44811888004,https://sandbox.capitalone.co.uk/developer-services-platform-pr/api/data/transactions/accounts/30210763/create
11657178,+44836778675,https://sandbox.capitalone.co.uk/developer-services-platform-pr/api/data/transactions/accounts/11657178/create
80766926,+44869302455,https://sandbox.capitalone.co.uk/developer-services-platform-pr/api/data/transactions/accounts/80766926/create
23337488,+44868608694,https://sandbox.capitalone.co.uk/developer-services-platform-pr/api/data/transactions/accounts/23337488/create
08462412,+44845380075,https://sandbox.capitalone.co.uk/developer-services-platform-pr/api/data/transactions/accounts/08462412/create
78182213,+44814551156,https://sandbox.capitalone.co.uk/developer-services-platform-pr/api/data/transactions/accounts/78182213/create
52574529,+44867869885,https://sandbox.capitalone.co.uk/developer-services-platform-pr/api/data/transactions/accounts/52574529/create
42156011,+44806069438,https://sandbox.capitalone.co.uk/developer-services-platform-pr/api/data/transactions/accounts/42156011/create
68552671,+44820552816,https://sandbox.capitalone.co.uk/developer-services-platform-pr/api/data/transactions/accounts/68552671/create
48350000,+44863541077,https://sandbox.capitalone.co.uk/developer-services-platform-pr/api/data/transactions/accounts/48350000/create
35259986,+44833201112,https://sandbox.capitalone.co.uk/developer-services-platform-pr/api/data/transactions/accounts/35259986/create
56315511,+44874529394,https://sandbox.capitalone.co.uk/developer-services-platform-pr/api/data/transactions/accounts/56315511/create
43554718,+44886327597,https://sandbox.capitalone.co.uk/developer-services-platform-pr/api/data/transactions/accounts/43554718/create
58345709,+44880929083,https://sandbox.capitalone.co.uk/developer-services-platform-pr/api/data/transactions/accounts/58345709/create
70653308,+44846492048,https://sandbox.capitalone.co.uk/developer-services-platform-pr/api/data/transactions/accounts/70653308/create
04699174,+44875957418,https://sandbox.capitalone.co.uk/developer-services-platform-pr/api/data/transactions/accounts/04699174/create
25082792,+44883547644,https://sandbox.capitalone.co.uk/developer-services-platform-pr/api/data/transactions/accounts/25082792/create
51062315,+44817198090,https://sandbox.capitalone.co.uk/developer-services-platform-pr/api/data/transactions/accounts/51062315/create
45614826,+44898621640,https://sandbox.capitalone.co.uk/developer-services-platform-pr/api/data/transactions/accounts/45614826/create
21227249,+44833715452,https://sandbox.capitalone.co.uk/developer-services-platform-pr/api/data/transactions/accounts/21227249/create
05810730,+44863433030,https://sandbox.capitalone.co.uk/developer-services-platform-pr/api/data/transactions/accounts/05810730/create
39963053,+44800861338,https://sandbox.capitalone.co.uk/developer-services-platform-pr/api/data/transactions/accounts/39963053/create
40252458,+44824155270,https://sandbox.capitalone.co.uk/developer-services-platform-pr/api/data/transactions/accounts/40252458/create
44702384,+44872159300,https://sandbox.capitalone.co.uk/developer-services-platform-pr/api/data/transactions/accounts/44702384/create
23524888,+44829405480,https://sandbox.capitalone.co.uk/developer-services-platform-pr/api/data/transactions/accounts/23524888/create
26835878,+44890598000,https://sandbox.capitalone.co.uk/developer-services-platform-pr/api/data/transactions/accounts/26835878/create
96267302,+44817452437,https://sandbox.capitalone.co.uk/developer-services-platform-pr/api/data/transactions/accounts/96267302/create
99840338,+44896365860,https://sandbox.capitalone.co.uk/developer-services-platform-pr/api/data/transactions/accounts/99840338/create
19119831,+44837878345,https://sandbox.capitalone.co.uk/developer-services-platform-pr/api/data/transactions/accounts/19119831/create
93473112,+44892238893,https://sandbox.capitalone.co.uk/developer-services-platform-pr/api/data/transactions/accounts/93473112/create
26856949,+44817968033,https://sandbox.capitalone.co.uk/developer-services-platform-pr/api/data/transactions/accounts/26856949/create
20628462,+44853365403,https://sandbox.capitalone.co.uk/developer-services-platform-pr/api/data/transactions/accounts/20628462/create
05762959,+44873165405,https://sandbox.capitalone.co.uk/developer-services-platform-pr/api/data/transactions/accounts/05762959/create
91879061,+44846721081,https://sandbox.capitalone.co.uk/developer-services-platform-pr/api/data/transactions/accounts/91879061/create
25351219,+44809865170,https://sandbox.capitalone.co.uk/developer-services-platform-pr/api/data/transactions/accounts/25351219/create
60902695,+44894719278,https://sandbox.capitalone.co.uk/developer-services-platform-pr/api/data/transactions/accounts/60902695/create
58391966,+44803303959,https://sandbox.capitalone.co.uk/developer-services-platform-pr/api/data/transactions/accounts/58391966/create
74393473,+44854566307,https://sandbox.capitalone.co.uk/developer-services-platform-pr/api/data/transactions/accounts/74393473/create
24986641,+44841167198,https://sandbox.capitalone.co.uk/developer-services-platform-pr/api/data/transactions/accounts/24986641/create
74852451,+44878288878,https://sandbox.capitalone.co.uk/developer-services-platform-pr/api/data/transactions/accounts/74852451/create
06438135,+44826631285,https://sandbox.capitalone.co.uk/developer-services-platform-pr/api/data/transactions/accounts/06438135/create
86294122,+44827289443,https://sandbox.capitalone.co.uk/developer-services-platform-pr/api/data/transactions/accounts/86294122/create
97046561,+44861212609,https://sandbox.capitalone.co.uk/developer-services-platform-pr/api/data/transactions/accounts/97046561/create
48495689,+44892802845,https://sandbox.capitalone.co.uk/developer-services-platform-pr/api/data/transactions/accounts/48495689/create
32013821,+44828429850,https://sandbox.capitalone.co.uk/developer-services-platform-pr/api/data/transactions/accounts/32013821/create
17368524,+44848964960,https://sandbox.capitalone.co.uk/developer-services-platform-pr/api/data/transactions/accounts/17368524/create
73447162,+44835947663,https://sandbox.capitalone.co.uk/developer-services-platform-pr/api/data/transactions/accounts/73447162/create
56589145,+44837519370,https://sandbox.capitalone.co.uk/developer-services-platform-pr/api/data/transactions/accounts/56589145/create
52596343,+44860164527,https://sandbox.capitalone.co.uk/developer-services-platform-pr/api/data/transactions/accounts/52596343/create
64221846,+44825459586,https://sandbox.capitalone.co.uk/developer-services-platform-pr/api/data/transactions/accounts/64221846/create
35451042,+44819188628,https://sandbox.capitalone.co.uk/developer-services-platform-pr/api/data/transactions/accounts/35451042/create
85437371,+44853276370,https://sandbox.capitalone.co.uk/developer-services-platform-pr/api/data/transactions/accounts/85437371/create
78241450,+44835532466,https://sandbox.capitalone.co.uk/developer-services-platform-pr/api/data/transactions/accounts/78241450/create
50993199,+44840452867,https://sandbox.capitalone.co.uk/developer-services-platform-pr/api/data/transactions/accounts/50993199/create
20622824,+44881566497,https://sandbox.capitalone.co.uk/developer-services-platform-pr/api/data/transactions/accounts/20622824/create
33616051,+44822218598,https://sandbox.capitalone.co.uk/developer-services-platform-pr/api/data/transactions/accounts/33616051/create
11883498,+44803737660,https://sandbox.capitalone.co.uk/developer-services-platform-pr/api/data/transactions/accounts/11883498/create
03963282,+44822258817,https://sandbox.capitalone.co.uk/developer-services-platform-pr/api/data/transactions/accounts/03963282/create
15515649,+44884796270,https://sandbox.capitalone.co.uk/developer-services-platform-pr/api/data/transactions/accounts/15515649/create
25805684,+44895607308,https://sandbox.capitalone.co.uk/developer-services-platform-pr/api/data/transactions/accounts/25805684/create
08026384,+44859293641,https://sandbox.capitalone.co.uk/developer-services-platform-pr/api/data/transactions/accounts/08026384/create
52153067,+44896174861,https://sandbox.capitalone.co.uk/developer-services-platform-pr/api/data/transactions/accounts/52153067/create
44080340,+44818623582,https://sandbox.capitalone.co.uk/developer-services-platform-pr/api/data/transactions/accounts/44080340/create
92029878,+44897058443,https://sandbox.capitalone.co.uk/developer-services-platform-pr/api/data/transactions/accounts/92029878/create
81952100,+44812306457,https://sandbox.capitalone.co.uk/developer-services-platform-pr/api/data/transactions/accounts/81952100/create
02229174,+44801226416,https://sandbox.capitalone.co.uk/developer-services-platform-pr/api/data/transactions/accounts/02229174/create
25924521,+44868992000,https://sandbox.capitalone.co.uk/developer-services-platform-pr/api/data/transactions/accounts/25924521/create
63856042,+44882507911,https://sandbox.capitalone.co.uk/developer-services-platform-pr/api/data/transactions/accounts/63856042/create
43831700,+44877023966,https://sandbox.capitalone.co.uk/developer-services-platform-pr/api/data/transactions/accounts/43831700/create
23867807,+44855814107,https://sandbox.capitalone.co.uk/developer-services-platform-pr/api/data/transactions/accounts/23867807/create
14605808,+44810119615,https://sandbox.capitalone.co.uk/developer-services-platform-pr/api/data/transactions/accounts/14605808/create
60618620,+44824048863,https://sandbox.capitalone.co.uk/developer-services-platform-pr/api/data/transactions/accounts/60618620/create
56504304,+44811995612,https://sandbox.capitalone.co.uk/developer-services-platform-pr/api/data/transactions/accounts/56504304/create
61523794,+44833776873,https://sandbox.capitalone.co.uk/developer-services-platform-pr/api/data/transactions/accounts/61523794/create
68567502,+44817550872,https://sandbox.capitalone.co.uk/developer-services-platform-pr/api/data/transactions/accounts/68567502/create
13424970,+44851084755,https://sandbox.capitalone.co.uk/developer-services-platform-pr/api/data/transactions/accounts/13424970/create
65002896,+44807085116,https://sandbox.capitalone.co.uk/developer-services-platform-pr/api/data/transactions/accounts/65002896/create
31390479,+44867985216,https://sandbox.capitalone.co.uk/developer-services-platform-pr/api/data/transactions/accounts/31390479/create
61304085,+44894237533,https://sandbox.capitalone.co.uk/developer-services-platform-pr/api/data/transactions/accounts/61304085/create
64037644,+44800943056,https://sandbox.capitalone.co.uk/developer-services-platform-pr/api/data/transactions/accounts/64037644/create
88694297,+44800914145,https://sandbox.capitalone.co.uk/developer-services-platform-pr/api/data/transactions/accounts/88694297/create
72126327,+44813518939,https://sandbox.capitalone.co.uk/developer-services-platform-pr/api/data/transactions/accounts/72126327/create
03267927,+44819702658,https://sandbox.capitalone.co.uk/developer-services-platform-pr/api/data/transactions/accounts/03267927/create
17442826,+44806114301,https://sandbox.capitalone.co.uk/developer-services-platform-pr/api/data/transactions/accounts/17442826/create
50633933,+44863620826,https://sandbox.capitalone.co.uk/developer-services-platform-pr/api/data/transactions/accounts/50633933/create
39869018,+44834174658,https://sandbox.capitalone.co.uk/developer-services-platform-pr/api/data/transactions/accounts/39869018/create
33307555,+44867634333,https://sandbox.capitalone.co.uk/developer-services-platform-pr/api/data/transactions/accounts/33307555/create
12113833,+44801497443,https://sandbox.capitalone.co.uk/developer-services-platform-pr/api/data/transactions/accounts/12113833/create
87415815,+44851004982,https://sandbox.capitalone.co.uk/developer-services-platform-pr/api/data/transactions/accounts/87415815/create
26719918,+44859947100,https://sandbox.capitalone.co.uk/developer-services-platform-pr/api/data/transactions/accounts/26719918/create
64626087,+44881707547,https://sandbox.capitalone.co.uk/developer-services-platform-pr/api/data/transactions/accounts/64626087/create
39574246,+44894010986,https://sandbox.capitalone.co.uk/developer-services-platform-pr/api/data/transactions/accounts/39574246/create
70504650,+44867068468,https://sandbox.capitalone.co.uk/developer-services-platform-pr/api/data/transactions/accounts/70504650/create
14379477,+44845702505,https://sandbox.capitalone.co.uk/developer-services-platform-pr/api/data/transactions/accounts/14379477/create
00677853,+44826436661,https://sandbox.capitalone.co.uk/developer-services-platform-pr/api/data/transactions/accounts/00677853/create
